-- phpMyAdmin SQL Dump
-- version 4.4.15.7
-- http://www.phpmyadmin.net
--
-- Хост: 127.0.0.1:3306
-- Время создания: Авг 14 2017 г., 20:50
-- Версия сервера: 5.6.31
-- Версия PHP: 5.5.37

SET SQL_MODE = "NO_AUTO_VALUE_ON_ZERO";
SET time_zone = "+00:00";


/*!40101 SET @OLD_CHARACTER_SET_CLIENT=@@CHARACTER_SET_CLIENT */;
/*!40101 SET @OLD_CHARACTER_SET_RESULTS=@@CHARACTER_SET_RESULTS */;
/*!40101 SET @OLD_COLLATION_CONNECTION=@@COLLATION_CONNECTION */;
/*!40101 SET NAMES utf8mb4 */;

--
-- База данных: `tree`
--

-- --------------------------------------------------------

--
-- Структура таблицы `articles`
--

DROP TABLE IF EXISTS `articles`;
CREATE TABLE IF NOT EXISTS `articles` (
  `id` int(11) NOT NULL,
  `article_title` varchar(255) NOT NULL,
  `parent_id` int(10) DEFAULT NULL,
  `content` mediumtext,
  `author` varchar(200) DEFAULT NULL,
  `last_update` varchar(200) DEFAULT NULL,
  `create` varchar(200) DEFAULT NULL,
  `hits` int(255) unsigned DEFAULT NULL
) ENGINE=InnoDB AUTO_INCREMENT=13 DEFAULT CHARSET=utf8;

--
-- Дамп данных таблицы `articles`
--

INSERT INTO `articles` (`id`, `article_title`, `parent_id`, `content`, `author`, `last_update`, `create`, `hits`) VALUES
(1, 'Новость дня', NULL, 'Давно выяснено, что при оценке дизайна и композиции читаемый текст мешает сосредоточиться. Lorem Ipsum используют потому, что тот обеспечивает более или менее стандартное заполнение шаблона, а также р', 'Denis Maslo', NULL, '04.07.2017 8.48', 95),
(2, 'Новость недели', NULL, 'Многие думают, что Lorem Ipsum - взятый с потолка псевдо-латинский набор слов, но это не совсем так. Его корни уходят в один фрагмент классической латыни 45 года н.э., то есть более двух тысячелетий н', 'Denis Maslo', NULL, '04.07.2017 8.49', 165),
(3, 'Начало работы с CSS Grid Layout: подборка полезных ресурсов и руководств', NULL, 'CSS Grid Layout — один из самых обсуждаемых инструментов верстальщиков на данный момент. Однако он не является чем-то очень новым. Дело в том, что система приобрела поддержку самых известных браузеров: Firefox, Chrome, Opera, а также Safari. Именно этим и вызван такой ажиотаж в сторону Grid.\r\n\r\nНо что же такое CSS Grid Layout (он же Grid) на самом деле? На что он способен? И готов ли он для использования в полной степени в проектах? Давайте разберёмся в этом и посмотрим на подборку полезных ресурсов, способных помочь вам с началом использования Grid.', 'Jack Daniels', NULL, '04.07.2017 8.49', 1),
(4, 'Начало работы с CSS Grid Layout: подборка полезных ресурсов и руководств', NULL, 'CSS Grid Layout — один из самых обсуждаемых инструментов верстальщиков на данный момент. Однако он не является чем-то очень новым. Дело в том, что система приобрела поддержку самых известных браузеров: Firefox, Chrome, Opera, а также Safari. Именно этим и вызван такой ажиотаж в сторону Grid.\r\n\r\nНо что же такое CSS Grid Layout (он же Grid) на самом деле? На что он способен? И готов ли он для использования в полной степени в проектах? Давайте разберёмся в этом и посмотрим на подборку полезных ресурсов, способных помочь вам с началом использования Grid.', 'Jack Daniels', NULL, '04.07.2017 8.49', 1),
(5, 'Что такое CSS Grid Layout?', NULL, 'История инструмента начинается с 2011 года. Именно тогда компания Microsoft отправила предложение группе разработчиков CSS. По этой ссылке вы можете посмотреть, как изначально выглядело предложение от Microsoft об использовании Grid вместе с Flexbox для вёрстки адаптивных макетов.\r\nКраткое описание Grid от консорциума W3C.\r\n\r\nЕсли у вас есть время и желание углубиться в документацию, можете сделать это на сайте консорциума.\r\n', 'Olga Nemirova', NULL, '04.07.2017 8.49', 1),
(6, 'Разница между Flexbox и Grid', NULL, 'Главным отличием Grid от Flexbox является количество измерений (осей). При работе только с последним вам придётся выбирать между осью X и осью Y. Иначе говоря, Flexbox может быть направлен на создание только колонок или только строк. Однако эти инструменты не конкурируют друг с другом, поэтому можно применять их вместе.\r\n\r\nНа иллюстрации ниже можно наглядно ознакомиться с отличительными чертами инструментов:\r\nВывод таков: CSS Grid Layout — новая и мощная система компоновки, позволяющая с лёгкостью разделить веб-страницу на столбцы и строки.', 'Jared Leto', NULL, '05.07.2017 8.50', 1),
(7, 'Полезные ресурсы, уроки и руководства', NULL, 'В последнее время, в связи с включением поддержки Grid в популярные браузеры, появилось огромное количество отличных уроков и вводных пособий по инструменту. Мы внимательно следили за выходившими и выходящими обновлениями и теперь рады представить список ресурсов, которые помогут вам начать работать и экспериментировать с CSS Grid.Подробное руководство, покрывающее все детали последней версии Grid. Крис Хаус рассматривает все нужные вам свойства и обозревает высокоуровневые концепты. Кроме того, он подкрепляет это образцами кода и визуальными примерами.', NULL, NULL, '05.07.2017 8.50', 1),
(8, 'Grid в примерах', NULL, 'Приглашённый эксперт рабочей группы CSS, Рейчел Эндрю, — давний сторонник внедрения Grid в современный веб. Она делится большим количеством примеров о том, как использовать Grid, а также образцами кода, видеоуроками прочими полезными материалами на своём сайте Grid by Example.\r\n\r\nВ этом видео Рейчел объясняет множество практических примеров с Grid и показывает, как он может использоваться для создания современных адаптивных макетов.', NULL, NULL, '05.07.2017 8.50', 1),
(9, 'Полезные ресурсы, уроки и руководства', NULL, 'В последнее время, в связи с включением поддержки Grid в популярные браузеры, появилось огромное количество отличных уроков и вводных пособий по инструменту. Мы внимательно следили за выходившими и выходящими обновлениями и теперь рады представить список ресурсов, которые помогут вам начать работать и экспериментировать с CSS Grid.Подробное руководство, покрывающее все детали последней версии Grid. Крис Хаус рассматривает все нужные вам свойства и обозревает высокоуровневые концепты. Кроме того, он подкрепляет это образцами кода и визуальными примерами.', NULL, NULL, '05.07.2017 8.50', 1),
(10, 'Grid в примерах', NULL, 'Приглашённый эксперт рабочей группы CSS, Рейчел Эндрю, — давний сторонник внедрения Grid в современный веб. Она делится большим количеством примеров о том, как использовать Grid, а также образцами кода, видеоуроками прочими полезными материалами на своём сайте Grid by Example.\r\n\r\nВ этом видео Рейчел объясняет множество практических примеров с Grid и показывает, как он может использоваться для создания современных адаптивных макетов.', NULL, NULL, '05.07.2017 8.50', 1),
(11, 'Grid-огород', NULL, 'Grid Garden — небольшая и забавная браузерная игра, основанная на написании кода для выращивания моркови в огороде. Это замечательный способ для практики и изучения основ CSS.\r\n\r\nЦель моей игры не включает в себя охват всех новых аспектов инструмента CSS Grid. Главное предназначение игры — помочь игрокам развить интуицию и признать потенциал инструмента.', ' Томас Парк', NULL, '05.07.2017 8.50', 1),
(12, 'Шпаргалка по CSS Grid', NULL, 'Данные из скриншота с сайта Can I Use выглядят довольно многообещающе, показывая, что большинство современных браузеров готовы к работе с CSS Grid и могут поддерживать его свойства без префиксов:Однако компания Microsoft снова разочаровала: на данный момент в браузерах IE и Edge присутствует только частичная поддержка Grid через префикс -ms-. Сейчас в Microsoft отправлена заявка на развитие поддержки Grid, и она находится в топе по количеству заявителей.Несмотря на то, что большинство браузеров поддерживает Grid, он работает только в последних версиях этих браузеров (а в некоторых только частично), что составляет только 30–40 % от общего числа используемых браузеров. Если вы не уверены, что подавляющее большинство ваших пользователей имеет последние сборки браузеров с поддержкой Grid, то желательно не экспериментировать с созданием крупномасштабных проектов.', 'Евгений Туренко', NULL, '05.07.2017 8.50', 1);

-- --------------------------------------------------------

--
-- Структура таблицы `beach`
--

DROP TABLE IF EXISTS `beach`;
CREATE TABLE IF NOT EXISTS `beach` (
  `idBeach` int(10) unsigned NOT NULL,
  `typeBeach` varchar(100) NOT NULL
) ENGINE=InnoDB AUTO_INCREMENT=5 DEFAULT CHARSET=utf8;

--
-- Дамп данных таблицы `beach`
--

INSERT INTO `beach` (`idBeach`, `typeBeach`) VALUES
(1, 'Песчаный'),
(2, 'Галька'),
(3, 'Ракушняк'),
(4, 'Камни');

-- --------------------------------------------------------

--
-- Структура таблицы `comments`
--

DROP TABLE IF EXISTS `comments`;
CREATE TABLE IF NOT EXISTS `comments` (
  `id` int(11) NOT NULL,
  `parent_id` int(5) DEFAULT '0',
  `object_id` smallint(8) DEFAULT NULL,
  `author_id` smallint(8) DEFAULT NULL,
  `author_name` varchar(60) DEFAULT NULL,
  `message` text,
  `ip` varchar(30) DEFAULT NULL,
  `likes` int(5) DEFAULT '0',
  `dislikes` int(5) DEFAULT '0',
  `data_create` int(11) DEFAULT NULL,
  `data_update` int(11) DEFAULT NULL,
  `status` enum('0','1') DEFAULT '0'
) ENGINE=InnoDB AUTO_INCREMENT=247 DEFAULT CHARSET=utf8;

--
-- Дамп данных таблицы `comments`
--

INSERT INTO `comments` (`id`, `parent_id`, `object_id`, `author_id`, `author_name`, `message`, `ip`, `likes`, `dislikes`, `data_create`, `data_update`, `status`) VALUES
(239, 0, 6, 0, 'Денис', 'фывфвфывфывфывфывфывфыв фывфывфывфы фывфывфывфыв', '127.0.0.1', 0, 0, 1502031424, 1502031424, '1'),
(240, 239, 6, 0, 'АААААА', '21312312312', '127.0.0.1', 0, 0, 1502031474, 1502031474, '1'),
(241, 240, 6, 0, 'Денис', 'фывфвфывфывфывфывфывфыв фывфывфывфы фывфывфывфыв', '127.0.0.1', 0, 0, 1502032079, 1502032079, '1'),
(242, 241, 6, 0, 'Денис', 'фывфвфывфывфывфывфывфыв фывфывфывфы фывфывфывфыв', '127.0.0.1', 0, 0, 1502036034, 1502036034, '1'),
(243, 240, 6, 0, 'Денис', 'фывфвфывфывфывфывфывфыв фывфывфывфы фывфывфывфыв', '127.0.0.1', 0, 0, 1502037464, 1502037464, '1'),
(244, 0, 6, 0, 'asdsdas', 'dasdasdasdasdasdasdasdasdasd', '127.0.0.1', 0, 0, 1502037477, 1502037477, '1'),
(245, 240, 6, 0, 'Денис', 'фывфвфывфывфывфывфывфыв фывфывфывфы фывфывфывфыв', '127.0.0.1', 0, 0, 1502037562, 1502037562, '1'),
(246, 0, 6, 0, 'Денис', 'dsf', '127.0.0.1', 0, 0, 1502124978, 1502690895, '1');

-- --------------------------------------------------------

--
-- Структура таблицы `forest`
--

DROP TABLE IF EXISTS `forest`;
CREATE TABLE IF NOT EXISTS `forest` (
  `idForest` int(10) unsigned NOT NULL,
  `typeTree` varchar(100) NOT NULL
) ENGINE=InnoDB AUTO_INCREMENT=5 DEFAULT CHARSET=utf8;

--
-- Дамп данных таблицы `forest`
--

INSERT INTO `forest` (`idForest`, `typeTree`) VALUES
(1, 'Сосновый'),
(2, 'Еловый'),
(3, 'Дубовый'),
(4, 'Липовый');

-- --------------------------------------------------------

--
-- Структура таблицы `likes`
--

DROP TABLE IF EXISTS `likes`;
CREATE TABLE IF NOT EXISTS `likes` (
  `id` int(11) NOT NULL,
  `id_user` int(11) DEFAULT NULL,
  `type_object` varchar(40) DEFAULT NULL,
  `type_like` int(1) DEFAULT NULL,
  `id_object` int(11) DEFAULT NULL
) ENGINE=InnoDB AUTO_INCREMENT=7 DEFAULT CHARSET=utf8;

--
-- Дамп данных таблицы `likes`
--

INSERT INTO `likes` (`id`, `id_user`, `type_object`, `type_like`, `id_object`) VALUES
(5, 28, 'object', 1, 6),
(6, 28, 'object', 0, 6);

-- --------------------------------------------------------

--
-- Структура таблицы `migration`
--

DROP TABLE IF EXISTS `migration`;
CREATE TABLE IF NOT EXISTS `migration` (
  `version` varchar(180) NOT NULL,
  `apply_time` int(11) DEFAULT NULL
) ENGINE=InnoDB DEFAULT CHARSET=utf8;

--
-- Дамп данных таблицы `migration`
--

INSERT INTO `migration` (`version`, `apply_time`) VALUES
('m000000_000000_base', 1499060152),
('m170703_052445_river', 1499060156),
('m170704_053256_articles', 1499146903),
('m170722_155118_create_object_foto_table', 1500831341),
('m170723_163655_add_title_column_to_restNature_table', 1500827898),
('m170724_185427_create_comments_table', 1501010080),
('m170724_190952_object_comments', 1500924269),
('m170727_162715_alter_colum_status_to_comments', 1501520089),
('m170731_105330_add_object_likes_column_to_restNature_table', 1501520090),
('m170731_115314_create_likes_table', 1501520090),
('m170731_123102_add_object_dislikes_column_to_restNature_table', 1501520090),
('m170731_135350_add_views_column_to_restNature_table', 1501520090),
('m170813_170326_alter_column_lantit_on_table_restnature', 1502690790);

-- --------------------------------------------------------

--
-- Структура таблицы `object_foto`
--

DROP TABLE IF EXISTS `object_foto`;
CREATE TABLE IF NOT EXISTS `object_foto` (
  `id` int(10) unsigned NOT NULL,
  `object_id` int(11) DEFAULT NULL,
  `name_img` varchar(255) DEFAULT NULL
) ENGINE=InnoDB AUTO_INCREMENT=132 DEFAULT CHARSET=utf8;

--
-- Дамп данных таблицы `object_foto`
--

INSERT INTO `object_foto` (`id`, `object_id`, `name_img`) VALUES
(86, 7, '/images/30f4f6856ebb7993a335d725f0c9666dDSC_8754.JPG'),
(87, 7, '/images/30f4f6856ebb7993a335d725f0c9666dDSC01963.JPG'),
(88, 7, '/images/30f4f6856ebb7993a335d725f0c9666df540af9b8ce84ecfb75ad6c1fbdcaff3.jpg'),
(89, 8, '/images/8330535c283038ffc0600c10026bd133nizhegorodskaya_oblast_turbazy.jpg'),
(90, 8, '/images/8330535c283038ffc0600c10026bd133olkupdn1a3j4xit6gs925ehwrfzmbq8cy0v7.jpg'),
(91, 9, '/images/0e87705895d8dd3ff3eda732ddef00f2f540af9b8ce84ecfb75ad6c1fbdcaff3.jpg'),
(92, 9, '/images/0e87705895d8dd3ff3eda732ddef00f2turbaza-medvezhiy-ugol-f775.jpg'),
(93, 11, '/images/5f8459c0c713925e1e7931fdfe855fe51.jpg'),
(94, 11, '/images/5f8459c0c713925e1e7931fdfe855fe51_2.jpg'),
(95, 11, '/images/5f8459c0c713925e1e7931fdfe855fe51141-turbaza-mechta.jpg'),
(96, 13, '/images/f7e3a983010cfe231ae5adcf0130b024big-2.jpg'),
(97, 13, '/images/f7e3a983010cfe231ae5adcf0130b024big-58.jpg'),
(98, 13, '/images/f7e3a983010cfe231ae5adcf0130b024big-97.jpg'),
(99, 14, '/images/fe546a1844f80dc415dd7412cbe90db3DSC_8754.JPG'),
(100, 14, '/images/fe546a1844f80dc415dd7412cbe90db3DSC01963.JPG'),
(101, 10, '/images/64443de38dcfae6ca135b0495a6480b6big-2.jpg'),
(102, 10, '/images/64443de38dcfae6ca135b0495a6480b6big-58.jpg'),
(103, 10, '/images/64443de38dcfae6ca135b0495a6480b6big-97.jpg'),
(104, 16, '/images/e9495b133411a288f20a01c57bac66621.jpg'),
(105, 16, '/images/e9495b133411a288f20a01c57bac66621_2.jpg'),
(106, 16, '/images/e9495b133411a288f20a01c57bac66621141-turbaza-mechta.jpg'),
(107, 16, '/images/e9495b133411a288f20a01c57bac6662big-2.jpg'),
(108, 16, '/images/e9495b133411a288f20a01c57bac6662big-58.jpg'),
(109, 16, '/images/e9495b133411a288f20a01c57bac6662big-97.jpg'),
(110, 15, '/images/6a2e6ed974af8ce5a3ff031b8c805f59nizhegorodskaya_oblast_turbazy.jpg'),
(111, 15, '/images/6a2e6ed974af8ce5a3ff031b8c805f59olkupdn1a3j4xit6gs925ehwrfzmbq8cy0v7.jpg'),
(112, 12, '/images/6d7552087d7d55403c7158661b16646aDSC_8754.JPG'),
(113, 12, '/images/6d7552087d7d55403c7158661b16646aDSC01963.JPG'),
(123, 6, '/images/c2964e39733a20db8d86ed1dc1067dd91.jpg'),
(124, 6, '/images/c2964e39733a20db8d86ed1dc1067dd91_2.jpg'),
(125, 6, '/images/c2964e39733a20db8d86ed1dc1067dd91141-turbaza-mechta.jpg'),
(126, 6, '/images/c2964e39733a20db8d86ed1dc1067dd9161431261fa204b60036d032f4faf837.jpg'),
(127, 6, '/images/c2964e39733a20db8d86ed1dc1067dd9bassein_i_dom.jpg'),
(128, 6, '/images/c2964e39733a20db8d86ed1dc1067dd9big_image.jpg'),
(129, 6, '/images/c2964e39733a20db8d86ed1dc1067dd9big-2.jpg'),
(130, 6, '/images/c2964e39733a20db8d86ed1dc1067dd9big-58.jpg'),
(131, 6, '/images/c2964e39733a20db8d86ed1dc1067dd9big-97.jpg');

-- --------------------------------------------------------

--
-- Структура таблицы `peculiarities`
--

DROP TABLE IF EXISTS `peculiarities`;
CREATE TABLE IF NOT EXISTS `peculiarities` (
  `id` int(10) unsigned NOT NULL,
  `idObject` int(11) NOT NULL,
  `forest` int(11) DEFAULT NULL,
  `river` int(11) DEFAULT NULL,
  `field` tinyint(1) NOT NULL,
  `lake` tinyint(1) NOT NULL,
  `career` int(11) DEFAULT NULL,
  `waterfall` int(11) DEFAULT NULL,
  `sea` tinyint(1) NOT NULL,
  `beach` int(11) DEFAULT NULL,
  `trenchBeam` tinyint(1) NOT NULL
) ENGINE=InnoDB AUTO_INCREMENT=15 DEFAULT CHARSET=utf8;

--
-- Дамп данных таблицы `peculiarities`
--

INSERT INTO `peculiarities` (`id`, `idObject`, `forest`, `river`, `field`, `lake`, `career`, `waterfall`, `sea`, `beach`, `trenchBeam`) VALUES
(4, 6, 3, 3, 1, 1, 0, 4, 1, 2, 1),
(5, 7, 2, 4, 1, 1, 0, 2, 1, 1, 1),
(6, 8, 2, 0, 1, 1, 0, 0, 0, 2, 1),
(7, 9, 3, 0, 0, 0, 0, 3, 1, 2, 1),
(8, 10, 2, 1, 0, 0, 0, 2, 0, 0, 1),
(9, 11, 1, 2, 0, 0, 0, 0, 0, 1, 1),
(10, 12, 1, 3, 0, 2, 0, 0, 0, 0, 0),
(11, 13, 3, 3, 0, 0, 0, 3, 1, 1, 1),
(12, 14, 2, 1, 1, 1, 3, 2, 1, 2, 1),
(13, 15, 0, 2, 0, 0, 0, 0, 0, 0, 1),
(14, 16, 0, 1, 0, 0, 0, 0, 0, 0, 0);

-- --------------------------------------------------------

--
-- Структура таблицы `restNature`
--

DROP TABLE IF EXISTS `restNature`;
CREATE TABLE IF NOT EXISTS `restNature` (
  `id` int(10) unsigned NOT NULL,
  `longitude` double NOT NULL,
  `latitude` double NOT NULL,
  `title` varchar(64) DEFAULT NULL,
  `description` varchar(10000) NOT NULL,
  `purityEvaluation` int(11) NOT NULL,
  `purityDescription` varchar(1000) NOT NULL,
  `beautyEvaluation` int(11) NOT NULL,
  `beautyDescription` varchar(1000) NOT NULL,
  `food` tinyint(1) NOT NULL,
  `cost` int(11) NOT NULL,
  `image` varchar(255) NOT NULL,
  `object_likes` int(11) DEFAULT '0',
  `object_dislikes` int(11) DEFAULT '0',
  `views` int(11) DEFAULT '0'
) ENGINE=InnoDB AUTO_INCREMENT=17 DEFAULT CHARSET=utf8;

--
-- Дамп данных таблицы `restNature`
--

INSERT INTO `restNature` (`id`, `longitude`, `latitude`, `title`, `description`, `purityEvaluation`, `purityDescription`, `beautyEvaluation`, `beautyDescription`, `food`, `cost`, `image`, `object_likes`, `object_dislikes`, `views`) VALUES
(6, 35.015571825206, 48.476328255743, 'Турбаза "SunRise"', 'Lorem Ipsum - это текст-"рыба", часто используемый в печати и вэб-дизайне. Lorem Ipsum является стандартной "рыбой" для текстов на латинице с начала XVI века. В то время некий безымянный печатник создал большую коллекцию размеров и форм шрифтов, используя Lorem Ipsum для распечатки образцов. Lorem Ipsum не только успешно пережил без заметных изменений пять веков, но и перешагнул в электронный дизайн. Его популяризации в новое время послужили публикация листов Letraset с образцами Lorem Ipsum в 60-х годах и, в более недавнее время, программы электронной вёрстки типа Aldus PageMaker, в шаблонах которых используется Lorem Ipsum.Lorem Ipsum - это текст-"рыба", часто используемый в печати и вэб-дизайне. Lorem Ipsum является стандартной "рыбой" для текстов на латинице с начала XVI века. В то время некий безымянный печатник создал большую коллекцию размеров и форм шрифтов, используя Lorem Ipsum для распечатки образцов. Lorem Ipsum не только успешно пережил без заметных изменений пять веков, но и перешагнул в электронный дизайн. Его популяризации в новое время послужили публикация листов Letraset с образцами Lorem Ipsum в 60-х годах и, в более недавнее время, программы электронной вёрстки типа Aldus PageMaker, в шаблонах которых используется Lorem Ipsum.Lorem Ipsum - это текст-"рыба", часто используемый в печати и вэб-дизайне. Lorem Ipsum является стандартной "рыбой" для текстов на латинице с начала XVI века. В то время некий безымянный печатник создал большую коллекцию размеров и форм шрифтов, используя Lorem Ipsum для распечатки образцов. Lorem Ipsum не только успешно пережил без заметных изменений пять веков, но и перешагнул в электронный дизайн. Его популяризации в новое время послужили публикация листов Letraset с образцами Lorem Ipsum в 60-х годах и, в более недавнее время, программы электронной вёрстки типа Aldus PageMaker, в шаблонах которых используется Lorem Ipsum.', 10, 'Классический текст Lorem Ipsum, используемый с XVI века, приведён ниже. Также даны разделы 1.10.32 и 1.10.33 "de Finibus Bonorum et Malorum" Цицерона и их английский перевод, сделанный H. Rackham, 1914 год.', 7, 'Классический текст Lorem Ipsum, используемый с XVI века, приведён ниже. Также даны разделы 1.10.32 и 1.10.33 "de Finibus Bonorum et Malorum" Цицерона и их английский перевод, сделанный H. Rackham, 1914 год.', 1, 0, '/images/f1972dd848ef77e29c965f91010bf8f4big_image.jpg', 2, 2, 12),
(7, 23, 543, 'Турбаза "ForestGump"', 'Есть много вариантов Lorem Ipsum, но большинство из них имеет не всегда приемлемые модификации, например, юмористические вставки или слова, которые даже отдалённо не напоминают латынь. Если вам нужен Lorem Ipsum для серьёзного проекта, вы наверняка не хотите какой-нибудь шутки, скрытой в середине абзаца. Также все другие известные генераторы Lorem Ipsum используют один и тот же текст, который они просто повторяют, пока не достигнут нужный объём. Это делает предлагаемый здесь генератор единственным настоящим Lorem Ipsum генератором. Он использует словарь из более чем 200 латинских слов, а также набор моделей предложений. В результате сгенерированный Lorem Ipsum выглядит правдоподобно, не имеет повторяющихся абзацей или "невозможных" слов.Есть много вариантов Lorem Ipsum, но большинство из них имеет не всегда приемлемые модификации, например, юмористические вставки или слова, которые даже отдалённо не напоминают латынь. Если вам нужен Lorem Ipsum для серьёзного проекта, вы наверняка не хотите какой-нибудь шутки, скрытой в середине абзаца. Также все другие известные генераторы Lorem Ipsum используют один и тот же текст, который они просто повторяют, пока не достигнут нужный объём. Это делает предлагаемый здесь генератор единственным настоящим Lorem Ipsum генератором. Он использует словарь из более чем 200 латинских слов, а также набор моделей предложений. В результате сгенерированный Lorem Ipsum выглядит правдоподобно, не имеет повторяющихся абзацей или "невозможных" слов.', 7, ' Здесь ваш текст.." Многие программы электронной вёрстки и редакторы HTML используют Lorem Ipsum в качестве текста по умолчанию, так что поиск по ключевым словам "lorem ipsum" сразу показывает, как много веб-страниц всё ещё дожидаются своего настоящего рождения. За прошедшие годы текст Lorem Ipsum получил много версий. Некоторые версии появились по ошибке, некоторые - намеренно (например, юмористические варианты).', 5, ' Здесь ваш текст.." Многие программы электронной вёрстки и редакторы HTML используют Lorem Ipsum в качестве текста по умолчанию, так что поиск по ключевым словам "lorem ipsum" сразу показывает, как много веб-страниц всё ещё дожидаются своего настоящего рождения. За прошедшие годы текст Lorem Ipsum получил много версий. Некоторые версии появились по ошибке, некоторые - намеренно (например, юмористические варианты).', 0, 0, '/images/738fde1bc98dea043851dacfd540de951.jpg', 0, 0, 1),
(8, 123, 123, 'Турбаза "Вебстудия Сокол"', 'Есть много вариантов Lorem Ipsum, но большинство из них имеет не всегда приемлемые модификации, например, юмористические вставки или слова, которые даже отдалённо не напоминают латынь. Если вам нужен Lorem Ipsum для серьёзного проекта, вы наверняка не хотите какой-нибудь шутки, скрытой в середине абзаца. Также все другие известные генераторы Lorem Ipsum используют один и тот же текст, который они просто повторяют, пока не достигнут нужный объём. Это делает предлагаемый здесь генератор единственным настоящим Lorem Ipsum генератором. Он использует словарь из более чем 200 латинских слов, а также набор моделей предложений. В результате сгенерированный Lorem Ipsum выглядит правдоподобно, не имеет повторяющихся абзацей или "невозможных" слов.Есть много вариантов Lorem Ipsum, но большинство из них имеет не всегда приемлемые модификации, например, юмористические вставки или слова, которые даже отдалённо не напоминают латынь. Если вам нужен Lorem Ipsum для серьёзного проекта, вы наверняка не хотите какой-нибудь шутки, скрытой в середине абзаца. Также все другие известные генераторы Lorem Ipsum используют один и тот же текст, который они просто повторяют, пока не достигнут нужный объём. Это делает предлагаемый здесь генератор единственным настоящим Lorem Ipsum генератором. Он использует словарь из более чем 200 латинских слов, а также набор моделей предложений. В результате сгенерированный Lorem Ipsum выглядит правдоподобно, не имеет повторяющихся абзацей или "невозможных" слов.', 9, 'Классический текст Lorem Ipsum, используемый с XVI века, приведён ниже. Также даны разделы 1.10.32 и 1.10.33 "de Finibus Bonorum et Malorum" Цицерона и их английский перевод, сделанный H. Rackham, 1914 год.', 8, 'Классический текст Lorem Ipsum, используемый с XVI века, приведён ниже. Также даны разделы 1.10.32 и 1.10.33 "de Finibus Bonorum et Malorum" Цицерона и их английский перевод, сделанный H. Rackham, 1914 год.', 0, 0, '/images/9b2123373bf8ea247bf9c8a86c46f296big-97.jpg', 0, 0, 0),
(9, 777, 123, 'Турбаза "На поляне"', 'Давно выяснено, что при оценке дизайна и композиции читаемый текст мешает сосредоточиться. Lorem Ipsum используют потому, что тот обеспечивает более или менее стандартное заполнение шаблона, а также реальное распределение букв и пробелов в абзацах, которое не получается при простой дубликации "Здесь ваш текст.. Здесь ваш текст.. Здесь ваш текст.." Многие программы электронной вёрстки и редакторы HTML используют Lorem Ipsum в качестве текста по умолчанию, так что поиск по ключевым словам "lorem ipsum" сразу показывает, как много веб-страниц всё ещё дожидаются своего настоящего рождения. За прошедшие годы текст Lorem Ipsum получил много версий. Некоторые версии появились по ошибке, некоторые - намеренно (например, юмористические варианты).Давно выяснено, что при оценке дизайна и композиции читаемый текст мешает сосредоточиться. Lorem Ipsum используют потому, что тот обеспечивает более или менее стандартное заполнение шаблона, а также реальное распределение букв и пробелов в абзацах, которое не получается при простой дубликации "Здесь ваш текст.. Здесь ваш текст.. Здесь ваш текст.." Многие программы электронной вёрстки и редакторы HTML используют Lorem Ipsum в качестве текста по умолчанию, так что поиск по ключевым словам "lorem ipsum" сразу показывает, как много веб-страниц всё ещё дожидаются своего настоящего рождения. За прошедшие годы текст Lorem Ipsum получил много версий. Некоторые версии появились по ошибке, некоторые - намеренно (например, юмористические варианты).', 5, 'Давно выяснено, что при оценке дизайна и композиции читаемый текст мешает сосредоточиться. Lorem Ipsum используют потому, что тот обеспечивает более или менее стандартное заполнение шаблона, а также реальное распределение букв и пробелов в абзацах, которое не получается при простой дубликации "Здесь ваш текст.. Здесь ваш текст.. Здесь ваш текст.." Многие программы электронной вёрстки и редакторы HTML используют Lorem Ipsum в качестве текста по умолчанию, так что поиск по ключевым словам "lorem ipsum" сразу показывает, как много веб-страниц всё ещё дожидаются своего настоящего рождения. За прошедшие годы текст Lorem Ipsum получил много версий. Некоторые версии появились по ошибке, некоторые - намеренно (например, юмористические варианты).', 7, 'Давно выяснено, что при оценке дизайна и композиции читаемый текст мешает сосредоточиться. Lorem Ipsum используют потому, что тот обеспечивает более или менее стандартное заполнение шаблона, а также реальное распределение букв и пробелов в абзацах, которое не получается при простой дубликации "Здесь ваш текст.. Здесь ваш текст.. Здесь ваш текст.." Многие программы электронной вёрстки и редакторы HTML используют Lorem Ipsum в качестве текста по умолчанию, так что поиск по ключевым словам "lorem ipsum" сразу показывает, как много веб-страниц всё ещё дожидаются своего настоящего рождения. За прошедшие годы текст Lorem Ipsum получил много версий. Некоторые версии появились по ошибке, некоторые - намеренно (например, юмористические варианты).', 0, 0, '/images/ae9ea5689bf6efc5a4fc4ef295eb9cd8DSC_8754.JPG', 0, 0, 1),
(10, 123, 345, 'Турбаза "Доброе утро"', 'Lorem Ipsum - это текст-"рыба", часто используемый в печати и вэб-дизайне. Lorem Ipsum является стандартной "рыбой" для текстов на латинице с начала XVI века. В то время некий безымянный печатник создал большую коллекцию размеров и форм шрифтов, используя Lorem Ipsum для распечатки образцов. Lorem Ipsum не только успешно пережил без заметных изменений пять веков, но и перешагнул в электронный дизайн. Его популяризации в новое время послужили публикация листов Letraset с образцами Lorem Ipsum в 60-х годах и, в более недавнее время, программы электронной вёрстки типа Aldus PageMaker, в шаблонах которых используется Lorem Ipsum.', 9, 'Lorem Ipsum - это текст-"рыба", часто используемый в печати и вэб-дизайне. Lorem Ipsum является стандартной "рыбой" для текстов на латинице с начала XVI века. В то время некий безымянный печатник создал большую коллекцию размеров и форм шрифтов, используя Lorem Ipsum для распечатки образцов. Lorem Ipsum не Давно выяснено, что при оценке дизайна и композиции читаемый текст мешает сосредоточиться. Lorem Ipsum используют потому, что тот обеспечивает более или менее стандартное заполнение шаблона,', 9, 'Давно выяснено, что при оценке дизайна и композиции читаемый текст мешает сосредоточиться. Lorem Ipsum используют потому, что тот обеспечивает более или менее стандартное заполнение шаблона,', 1, 0, '/images/82cb4645578f0d17ce0f15e819f1110f161431261fa204b60036d032f4faf837.jpg', 0, 0, 0),
(11, 777, 345, 'Турбаза "Рассвет"', 'Давно выяснено, что при оценке дизайна и композиции читаемый текст мешает сосредоточиться. Lorem Ipsum используют потому, что тот обеспечивает более или менее стандартное заполнение шаблона,Давно выяснено, что при оценке дизайна и композиции читаемый текст мешает сосредоточиться. Lorem Ipsum используют потому, что тот обеспечивает более или менее стандартное заполнение шаблона,Давно выяснено, что при оценке дизайна и композиции читаемый текст мешает сосредоточиться. Lorem Ipsum используют потому, что тот обеспечивает более или менее стандартное заполнение шаблона,Давно выяснено, что при оценке дизайна и композиции читаемый текст мешает сосредоточиться. Lorem Ipsum используют потому, что тот обеспечивает более или менее стандартное заполнение шаблона,Давно выяснено, что при оценке дизайна и композиции читаемый текст мешает сосредоточиться. Lorem Ipsum используют потому, что тот обеспечивает более или менее стандартное заполнение шаблона,', 9, 'Давно выяснено, что при оценке дизайна и композиции читаемый текст мешает сосредоточиться. Lorem Ipsum используют потому, что тот обеспечивает более или менее стандартное заполнение шаблона,', 7, 'Давно выяснено, что при оценке дизайна и композиции читаемый текст мешает сосредоточиться. Lorem Ipsum используют потому, что тот обеспечивает более или менее стандартное заполнение шаблона,', 0, 0, '/images/39b1afcb389e8e330f3b8e14e4195f45usadba.jpg', 0, 0, 0),
(12, 777, 345, 'Турбаза "Iron Man"', 'Lorem Ipsum - это текст-"рыба", часто используемый в печати и вэб-дизайне. Lorem Ipsum является стандартной "рыбой" для текстов на латинице с начала XVI века. В то время некий безымянный печатник создал большую коллекцию размеров и форм шрифтов, используя Lorem Ipsum для распечатки образцов. Lorem Ipsum не только успешно пережил без заметных изменений пять веков, но и перешагнул в электронный дизайн. Его популяризации в новое время послужили публикация листов Letraset с образцами Lorem Ipsum в 60-х годах и, в более недавнее время, программы электронной вёрстки типа Aldus PageMaker, в шаблонах которых используется Lorem Ipsum.Lorem Ipsum - это текст-"рыба", часто используемый в печати и вэб-дизайне. Lorem Ipsum является стандартной "рыбой" для текстов на латинице с начала XVI века. В то время некий безымянный печатник создал большую коллекцию размеров и форм шрифтов, используя Lorem Ipsum для распечатки образцов. Lorem Ipsum не только успешно пережил без заметных изменений пять веков, но и перешагнул в электронный дизайн. Его популяризации в новое время послужили публикация листов Letraset с образцами Lorem Ipsum в 60-х годах и, в более недавнее время, программы электронной вёрстки типа Aldus PageMaker, в шаблонах которых используется Lorem Ipsum.', 7, 'Lorem Ipsum - это текст-"рыба", часто используемый в печати и вэб-дизайне. Lorem Ipsum является стандартной "рыбой" для текстов на латинице с начала XVI века. В то время некий безымянный печатник создал большую коллекцию размеров и форм шрифтов, используя Lorem Ipsum для распечатки образцов. Lorem Ipsum не только успешно пережил без заметных изменений пять веков, но и перешагнул в электронный дизайн. Его популяризации в новое время послужили публикация листов Letraset с образцами Lorem Ipsum в 60-х годах и, в более недавнее время, программы электронной вёрстки типа Aldus PageMaker, в шаблонах которых используется Lorem Ipsum.', 5, 'Lorem Ipsum - это текст-"рыба", часто используемый в печати и вэб-дизайне. Lorem Ipsum является стандартной "рыбой" для текстов на латинице с начала XVI века. В то время некий безымянный печатник создал большую коллекцию размеров и форм шрифтов, используя Lorem Ipsum для распечатки образцов. Lorem Ipsum не только успешно пережил без заметных изменений пять веков, но и перешагнул в электронный дизайн. Его популяризации в новое время послужили публикация листов Letraset с образцами Lorem Ipsum в 60-х годах и, в более недавнее время, программы электронной вёрстки типа Aldus PageMaker, в шаблонах которых используется Lorem Ipsum.', 0, 0, '/images/3a661bd2f9cb63e3d7df2ce17751c622161431261fa204b60036d032f4faf837.jpg', 0, 0, 0),
(13, 123, 123, 'Турбаза "Metallica Vitalica"', 'Lorem Ipsum - это текст-"рыба", часто используемый в печати и вэб-дизайне. Lorem Ipsum является стандартной "рыбой" для текстов на латинице с начала XVI века. В то время некий безымянный печатник создал большую коллекцию размеров и форм шрифтов, используя Lorem Ipsum для распечатки образцов. Lorem Ipsum не только успешно пережил без заметных изменений пять веков, но и перешагнул в электронный дизайн. Его популяризации в новое время послужили публикация листов Letraset с образцами Lorem Ipsum в 60-х годах и, в более недавнее время, программы электронной вёрстки типа Aldus PageMaker, в шаблонах которых используется Lorem Ipsum.Lorem Ipsum - это текст-"рыба", часто используемый в печати и вэб-дизайне. Lorem Ipsum является стандартной "рыбой" для текстов на латинице с начала XVI века. В то время некий безымянный печатник создал большую коллекцию размеров и форм шрифтов, используя Lorem Ipsum для распечатки образцов. Lorem Ipsum не только успешно пережил без заметных изменений пять веков, но и перешагнул в электронный дизайн. Его популяризации в новое время послужили публикация листов Letraset с образцами Lorem Ipsum в 60-х годах и, в более недавнее время, программы электронной вёрстки типа Aldus PageMaker, в шаблонах которых используется Lorem Ipsum.', 5, 'Lorem Ipsum - это текст-"рыба", часто используемый в печати и вэб-дизайне. Lorem Ipsum является стандартной "рыбой" для текстов на латинице с начала XVI века. В то время некий безымянный печатник создал большую коллекцию размеров и форм шрифтов, используя Lorem Ipsum для распечатки образцов. Lorem Ipsum не только успешно пережил без заметных изменений пять веков, но и перешагнул в электронный дизайн. Его популяризации в новое время послужили публикация листов Letraset с образцами Lorem Ipsum в 60-х годах и, в более недавнее время, программы электронной вёрстки типа Aldus PageMaker, в шаблонах которых используется Lorem Ipsum.', 4, 'Lorem Ipsum - это текст-"рыба", часто используемый в печати и вэб-дизайне. Lorem Ipsum является стандартной "рыбой" для текстов на латинице с начала XVI века. В то время некий безымянный печатник создал большую коллекцию размеров и форм шрифтов, используя Lorem Ipsum для распечатки образцов. Lorem Ipsum не только успешно пережил без заметных изменений пять веков, но и перешагнул в электронный дизайн. Его популяризации в новое время послужили публикация листов Letraset с образцами Lorem Ipsum в 60-х годах и, в более недавнее время, программы электронной вёрстки типа Aldus PageMaker, в шаблонах которых используется Lorem Ipsum.', 0, 0, '/images/2309881c5afb8b9cbf2b0c93044ffdc4nizhegorodskaya_oblast_turbazy.jpg', 0, 0, 0),
(14, 123, 333, 'Турбаза "SunSun"', 'Lorem Ipsum - это текст-"рыба", часто используемый в печати и вэб-дизайне. Lorem Ipsum является стандартной "рыбой" для текстов на латинице с начала XVI века. В то время некий безымянный печатник создал большую коллекцию размеров и форм шрифтов, используя Lorem Ipsum для распечатки образцов. Lorem Ipsum не только успешно пережил без заметных изменений пять веков, но и перешагнул в электронный дизайн. Его популяризации в новое время послужили публикация листов Letraset с образцами Lorem Ipsum в 60-х годах и, в более недавнее время, программы электронной вёрстки типа Aldus PageMaker, в шаблонах которых используется Lorem Ipsum.', 6, 'Lorem Ipsum - это текст-"рыба", часто используемый в печати и вэб-дизайне. Lorem Ipsum является стандартной "рыбой" для текстов на латинице с начала XVI века. В то время некий безымянный печатник создал большую коллекцию размеров и форм шрифтов, используя Lorem Ipsum для распечатки образцов. Lorem Ipsum не только успешно пережил без заметных изменений пять веков, но и перешагнул в электронный дизайн. Его популяризации в новое время послужили публикация листов Letraset с образцами Lorem Ipsum в 60-х годах и, в более недавнее время, программы электронной вёрстки типа Aldus PageMaker, в шаблонах которых используется Lorem Ipsum.', 5, 'Lorem Ipsum - это текст-"рыба", часто используемый в печати и вэб-дизайне. Lorem Ipsum является стандартной "рыбой" для текстов на латинице с начала XVI века. В то время некий безымянный печатник создал большую коллекцию размеров и форм шрифтов, используя Lorem Ipsum для распечатки образцов. Lorem Ipsum не только успешно пережил без заметных изменений пять веков, но и перешагнул в электронный дизайн. Его популяризации в новое время послужили публикация листов Letraset с образцами Lorem Ipsum в 60-х годах и, в более недавнее время, программы электронной вёрстки типа Aldus PageMaker, в шаблонах которых используется Lorem Ipsum.', 0, 0, '/images/40996dd9a2e395944ea9d4ab584eb909big_image.jpg', 0, 0, 0),
(15, 123, 123, 'Турбаза "MaxSun"', 'Lorem Ipsum - это текст-"рыба", часто используемый в печати и вэб-дизайне. Lorem Ipsum является стандартной "рыбой" для текстов на латинице с начала XVI века. В то время некий безымянный печатник создал большую коллекцию размеров и форм шрифтов, используя Lorem Ipsum для распечатки образцов. Lorem Ipsum не только успешно пережил без заметных изменений пять веков, но и перешагнул в электронный дизайн. Его популяризации в новое время послужили публикация листов Letraset с образцами Lorem Ipsum в 60-х годах и, в более недавнее время, программы электронной вёрстки типа Aldus PageMaker, в шаблонах которых используется Lorem Ipsum.Lorem Ipsum - это текст-"рыба", часто используемый в печати и вэб-дизайне. Lorem Ipsum является стандартной "рыбой" для текстов на латинице с начала XVI века. В то время некий безымянный печатник создал большую коллекцию размеров и форм шрифтов, используя Lorem Ipsum для распечатки образцов. Lorem Ipsum не только успешно пережил без заметных изменений пять веков, но и перешагнул в электронный дизайн. Его популяризации в новое время послужили публикация листов Letraset с образцами Lorem Ipsum в 60-х годах и, в более недавнее время, программы электронной вёрстки типа Aldus PageMaker, в шаблонах которых используется Lorem Ipsum.Lorem Ipsum - это текст-"рыба", часто используемый в печати и вэб-дизайне. Lorem Ipsum является стандартной "рыбой" для текстов на латинице с начала XVI века. В то время некий безымянный печатник создал большую коллекцию размеров и форм шрифтов, используя Lorem Ipsum для распечатки образцов. Lorem Ipsum не только успешно пережил без заметных изменений пять веков, но и перешагнул в электронный дизайн. Его популяризации в новое время послужили публикация листов ', 6, 'dsafgksjdagfhkasdgfasdkjfghasdgfkhasdgjfasdf', 6, 'sdfaasdfasdfasdfasdfasdfasdfasdf', 0, 0, '/images/45435b55001d31d3f948d4699a01d3451_2.jpg', 0, 0, 0),
(16, 123, 123, 'Турбаза "На печи"', 'Большая часть текста сделана из разделов 1.10.32–3 книги Цицерона «На грани Добра и Зла» («De finibus bonorum et malorum»). Neque porro quisquam est qui dolorem ipsum quia dolor sit amet, consectetur, adipisci velit является первой известной человечеству версией («Больше нет никого из тех, кто любит скорбь, поскольку это горе и поэтому хочет заполучить это»). Находка присваивается Ричарду МакКлинтоку (Richard McClintock), филологу, руководителю публикаций в колледже Хампден-Сидней, что в Вирджинии; он искал «citings consectetur» в классической латинской литературе, термин, который встречается удивительно редко в том литературном тексте.\r\n\r\nВерсия Цицерона Liber Primus (Первая Книга), разделы 1.10.32–3 (фрагменты добавлены в большую часть Lorem ipsum красным цветом):', 7, 'Большая часть текста сделана из разделов 1.10.32–3 книги Цицерона «На грани Добра и Зла» («De finibus bonorum et malorum»). Neque porro quisquam est qui dolorem ipsum quia dolor sit amet, consectetur, adipisci velit является первой известной человечеству версией («Больше нет никого из тех, кто любит скорбь, поскольку это горе и поэтому хочет заполучить это»). Находка присваивается Ричарду МакКлинтоку (Richard McClintock), филологу, руководителю публикаций в колледже Хампден-Сидней, что в Вирджинии; он искал «citings consectetur» в классической латинской литературе, термин, который встречается удивительно редко в том литературном тексте.\r\n\r\nВерсия Цицерона Liber Primus (Первая Книга), разделы 1.10.32–3 (фрагменты добавлены в большую часть Lorem ipsum красным цветом):', 8, 'Большая часть текста сделана из разделов 1.10.32–3 книги Цицерона «На грани Добра и Зла» («De finibus bonorum et malorum»). Neque porro quisquam est qui dolorem ipsum quia dolor sit amet, consectetur, adipisci velit является первой известной человечеству версией («Больше нет никого из тех, кто любит скорбь, поскольку это горе и поэтому хочет заполучить это»). Находка присваивается Ричарду МакКлинтоку (Richard McClintock), филологу, руководителю публикаций в колледже Хампден-Сидней, что в Вирджинии; он искал «citings consectetur» в классической латинской литературе, термин, который встречается удивительно редко в том литературном тексте.\r\n\r\nВерсия Цицерона Liber Primus (Первая Книга), разделы 1.10.32–3 (фрагменты добавлены в большую часть Lorem ipsum красным цветом):', 0, 0, '/images/0288789aaad6c816268e7cdb04e1f7b81141-turbaza-mechta.jpg', 0, 0, 0);

-- --------------------------------------------------------

--
-- Структура таблицы `river`
--

DROP TABLE IF EXISTS `river`;
CREATE TABLE IF NOT EXISTS `river` (
  `idRiver` int(11) NOT NULL,
  `typeRiver` varchar(200) DEFAULT NULL
) ENGINE=InnoDB DEFAULT CHARSET=utf8;

-- --------------------------------------------------------

--
-- Структура таблицы `users`
--

DROP TABLE IF EXISTS `users`;
CREATE TABLE IF NOT EXISTS `users` (
  `id` int(10) unsigned NOT NULL,
  `email` varchar(30) NOT NULL,
  `password` varchar(100) NOT NULL,
  `name` varchar(30) NOT NULL,
  `authKey` varchar(100) NOT NULL,
  `accessToken` varchar(100) NOT NULL
) ENGINE=InnoDB AUTO_INCREMENT=29 DEFAULT CHARSET=utf8;

--
-- Дамп данных таблицы `users`
--

INSERT INTO `users` (`id`, `email`, `password`, `name`, `authKey`, `accessToken`) VALUES
(26, '1990vetalb1990@gmail.com', '$2y$10$GwViCVpcIObI0SiCpZXkpOy8t2AfEylJgY9Et8EUlSKUvlbZ5VXhm', '', 'authKey1990vetalb1990@gmail.com', 'accessToken_1990vetalb1990@gmail.com'),
(27, '1990veta22lb1990@gmail.com', '$2y$10$CFozgE3GRwGEJYTifhPmQO7pjjwvYNbBk/Tu9i1wiUIl0JVZZbFuu', '', 'authKey1990veta22lb1990@gmail.com', 'accessToken_1990veta22lb1990@gmail.com'),
(28, 'denismaslogm@gmail.com', '$2y$10$Sn7QeVXbWOfZunboNI8raOU.yNM2MBsaqwRGOF3B5bSyagYRdzBle', 'Денис', 'authKeydenismaslogm@gmail.com', 'accessToken_denismaslogm@gmail.com');

--
-- Индексы сохранённых таблиц
--

--
-- Индексы таблицы `articles`
--
ALTER TABLE `articles`
  ADD PRIMARY KEY (`id`);

--
-- Индексы таблицы `beach`
--
ALTER TABLE `beach`
  ADD PRIMARY KEY (`idBeach`);

--
-- Индексы таблицы `comments`
--
ALTER TABLE `comments`
  ADD PRIMARY KEY (`id`);

--
-- Индексы таблицы `forest`
--
ALTER TABLE `forest`
  ADD PRIMARY KEY (`idForest`);

--
-- Индексы таблицы `likes`
--
ALTER TABLE `likes`
  ADD PRIMARY KEY (`id`);

--
-- Индексы таблицы `migration`
--
ALTER TABLE `migration`
  ADD PRIMARY KEY (`version`);

--
-- Индексы таблицы `object_foto`
--
ALTER TABLE `object_foto`
  ADD PRIMARY KEY (`id`);

--
-- Индексы таблицы `peculiarities`
--
ALTER TABLE `peculiarities`
  ADD PRIMARY KEY (`id`);

--
-- Индексы таблицы `restNature`
--
ALTER TABLE `restNature`
  ADD PRIMARY KEY (`id`);

--
-- Индексы таблицы `river`
--
ALTER TABLE `river`
  ADD PRIMARY KEY (`idRiver`);

--
-- Индексы таблицы `users`
--
ALTER TABLE `users`
  ADD PRIMARY KEY (`id`);

--
-- AUTO_INCREMENT для сохранённых таблиц
--

--
-- AUTO_INCREMENT для таблицы `articles`
--
ALTER TABLE `articles`
  MODIFY `id` int(11) NOT NULL AUTO_INCREMENT,AUTO_INCREMENT=13;
--
-- AUTO_INCREMENT для таблицы `beach`
--
ALTER TABLE `beach`
  MODIFY `idBeach` int(10) unsigned NOT NULL AUTO_INCREMENT,AUTO_INCREMENT=5;
--
-- AUTO_INCREMENT для таблицы `comments`
--
ALTER TABLE `comments`
  MODIFY `id` int(11) NOT NULL AUTO_INCREMENT,AUTO_INCREMENT=247;
--
-- AUTO_INCREMENT для таблицы `forest`
--
ALTER TABLE `forest`
  MODIFY `idForest` int(10) unsigned NOT NULL AUTO_INCREMENT,AUTO_INCREMENT=5;
--
-- AUTO_INCREMENT для таблицы `likes`
--
ALTER TABLE `likes`
  MODIFY `id` int(11) NOT NULL AUTO_INCREMENT,AUTO_INCREMENT=7;
--
-- AUTO_INCREMENT для таблицы `object_foto`
--
ALTER TABLE `object_foto`
  MODIFY `id` int(10) unsigned NOT NULL AUTO_INCREMENT,AUTO_INCREMENT=132;
--
-- AUTO_INCREMENT для таблицы `peculiarities`
--
ALTER TABLE `peculiarities`
  MODIFY `id` int(10) unsigned NOT NULL AUTO_INCREMENT,AUTO_INCREMENT=15;
--
-- AUTO_INCREMENT для таблицы `restNature`
--
ALTER TABLE `restNature`
  MODIFY `id` int(10) unsigned NOT NULL AUTO_INCREMENT,AUTO_INCREMENT=17;
--
-- AUTO_INCREMENT для таблицы `river`
--
ALTER TABLE `river`
  MODIFY `idRiver` int(11) NOT NULL AUTO_INCREMENT;
--
-- AUTO_INCREMENT для таблицы `users`
--
ALTER TABLE `users`
  MODIFY `id` int(10) unsigned NOT NULL AUTO_INCREMENT,AUTO_INCREMENT=29;
/*!40101 SET CHARACTER_SET_CLIENT=@OLD_CHARACTER_SET_CLIENT */;
/*!40101 SET CHARACTER_SET_RESULTS=@OLD_CHARACTER_SET_RESULTS */;
/*!40101 SET COLLATION_CONNECTION=@OLD_COLLATION_CONNECTION */;
